{
  "schema": "synrov.robot_config.v2",
  "robot": "Drone",
  "renderScale": 1,
  "config3D": {
    "sensorOffsets": {"downwardSonar": {
      "x": 0,
      "y": 6.900000095367432,
      "z": 0,
      "source": "sonar",
      "direction": "down"
    }},
    "visualOffsets": {
      "restY": -17.479999542236328,
      "cameraY": -7.659999847412109,
      "cameraZ": 12.399999618530273,
      "lampZ": 17.149999618530273,
      "visualYawOffsetDeg": 0,
      "lampY": -1.059999942779541
    },
    "dimensions": {
      "motor": {
        "radius": 4.559999942779541,
        "height": 6.079999923706055
      },
      "propeller": {
        "thickness": 1.8200000524520874,
        "radius": 13.680000305175781
      },
      "landingGear": {
        "height": 12.15999984741211,
        "span": 15.199999809265137
      },
      "body": {
        "length": 36.47999954223633,
        "width": 36.47999954223633,
        "height": 10.640000343322754
      },
      "arm": {
        "thickness": 3.0399999618530273,
        "length": 34.959999084472656
      }
    }
  },
  "runtime": {
    "pitchDeg": 0,
    "x": 0,
    "y": 0,
    "z": 0,
    "rollDeg": 0,
    "yawDeg": 0
  },
  "geometryUnits": "cm"
}