{
  "schema": "synrov.robot_config.v2",
  "robot": "Vehicle",
  "renderScale": 1,
  "config3D": {
    "visualOffsets": {
      "cameraDefaultPanDeg": 0,
      "cameraHeadZ": 19.139999389648438,
      "cameraHeadY": -12.0600004196167,
      "cameraDefaultTiltDeg": -10,
      "lidarMastY": -17.6299991607666,
      "bodyCenterY": -24.1299991607666,
      "lidarMastZ": -7.659999847412109
    },
    "dimensions": {
      "body": {
        "length": 95.69999694824219,
        "width": 59.15999984741211,
        "height": 18.559999465942383
      },
      "track": {
        "gauge": 71.91999816894531,
        "linkThickness": 2.0299999713897705,
        "width": 17.399999618530273,
        "sag": 2.319999933242798,
        "run": 69.5999984741211,
        "links": 64,
        "linkLength": 5.800000190734863,
        "height": 5.800000190734863
      },
      "rollers": {
        "driveRadius": 13.920000076293945,
        "supportRadius": 6.960000038146973,
        "topRadius": 4.059999942779541
      }
    }
  },
  "runtime": {
    "cameraPanDeg": 0,
    "cameraTiltDeg": -10,
    "x": 0,
    "z": 0,
    "yawDeg": 0
  },
  "geometryUnits": "cm"
}